{
    "SiamRPN": {
        "accuracy": 0.5191323849487627,
        "robustness": 28.412145154523845,
        "speed_fps": 85.7968216327427
    }
}